{
    "image": "IMG_1399.JPG",
    "output_size": [
        3260,
        7999
    ],
    "matrix": [
        [
            4.207892017748548,
            2.9918708784864267,
            -5610.478332327576
        ],
        [
            -2.6505383350260288,
            20.948552981214537,
            -4183.57250746706
        ],
        [
            -0.00030103999813861003,
            0.0019209406218061568,
            1.0
        ]
    ],
    "inverse_matrix": [
        [
            0.30167728248476894,
            -0.14331145346857152,
            1093.0
        ],
        [
            0.04069513713821328,
            0.026217022570827014,
            338.0
        ],
        [
            1.2643986518909574e-05,
            -9.35038233245308e-05,
            1.0
        ]
    ],
    "source_pts": [
        [
            1093.0,
            338.0
        ],
        [
            1994.0,
            452.0
        ],
        [
            3170.0,
            2319.0
        ],
        [
            -211.0,
            2172.0
        ]
    ]
}