{
    "image": "IMG_1397.JPG",
    "output_size": [
        6293,
        12526
    ],
    "matrix": [
        [
            8.981037642320798,
            2.881355197916949,
            -12500.666736758007
        ],
        [
            6.471219921938536,
            16.269500422854886,
            -18204.560661585194
        ],
        [
            0.00045727844585224616,
            0.0007318746129283066,
            1.0
        ]
    ],
    "inverse_matrix": [
        [
            0.2321542196715332,
            -0.0943764898804228,
            1184.0
        ],
        [
            -0.11607157767516378,
            0.11529924163159594,
            648.0
        ],
        [
            -2.1209277056696077e-05,
            -4.122825852885526e-05,
            1.0
        ]
    ],
    "source_pts": [
        [
            1184.0,
            648.0
        ],
        [
            3052.0,
            -95.0
        ],
        [
            4177.0,
            3889.0
        ],
        [
            4.0,
            4326.0
        ]
    ]
}