{
    "image": "IMG_1398.JPG",
    "output_size": [
        6120,
        10765
    ],
    "matrix": [
        [
            2.277622346497344,
            2.5159781734563684,
            -2416.636761576002
        ],
        [
            -4.48632076553665,
            14.65952700851412,
            4191.297784490304
        ],
        [
            -0.0003636308075543981,
            0.0009732594142493529,
            1.0
        ]
    ],
    "inverse_matrix": [
        [
            0.23682119678949431,
            -0.1089612849476696,
            1029.0
        ],
        [
            0.06630433502934062,
            0.03131094504822719,
            29.0
        ],
        [
            2.1584164949225444e-05,
            -7.009535146596676e-05,
            1.0
        ]
    ],
    "source_pts": [
        [
            1029.0,
            29.0
        ],
        [
            2189.0,
            384.0
        ],
        [
            3457.0,
            2044.0
        ],
        [
            -586.0,
            1491.0
        ]
    ]
}